Name,Team,Mins,Goals,Assists,Bonus Points,Total Points,P90
Olivier Giroud,Arsenal,3069,16,9,29,187,5.483870968
Wojciech Szczesny,Arsenal,3330,0,0,4,157,4.243243243
Per Mertesacker,Arsenal,3150,2,1,23,157,4.485714286
Laurent Koscielny,Arsenal,2739,2,0,24,155,5.093099671
Aaron Ramsey,Arsenal,1761,10,9,19,146,7.461669506
Mesut Özil,Arsenal,2141,5,10,18,137,5.758991126
Bacary Sagna,Arsenal,3061,1,3,7,133,3.910486769
Santiago Cazorla,Arsenal,2587,4,8,10,128,4.453034403
Lukas Podolski,Arsenal,1168,8,4,14,91,7.011986301
Kieran Gibbs,Arsenal,2056,0,1,5,89,3.895914397
Jack Wilshere,Arsenal,1719,3,4,6,76,3.979057592
Mikel Arteta,Arsenal,2407,2,0,3,76,2.841711674
Theo Walcott,Arsenal,860,5,5,7,72,7.534883721
Tomas Rosicky,Arsenal,1573,2,1,5,66,3.776223776
Nacho Monreal,Arsenal,1184,0,1,2,63,4.788851351
Carl Jenkinson,Arsenal,803,1,2,7,50,5.603985056
Mathieu Flamini,Arsenal,1605,2,0,3,48,2.691588785
Alex Oxlade-Chamberlain,Arsenal,529,2,3,3,41,6.975425331
Thomas Vermaelen,Arsenal,788,0,1,5,29,3.312182741
Serge Gnabry,Arsenal,462,1,1,2,29,5.649350649
Nicklas Bendtner,Arsenal,163,2,0,1,19,10.49079755
Yaya Sanogo,Arsenal,78,0,0,0,8,9.230769231
Lukasz Fabianski,Arsenal,90,0,0,0,7,7
Kim Kallstrom,Arsenal,130,0,0,0,3,2.076923077
Vassiriki Diaby,Arsenal,17,0,0,0,1,5.294117647
Chuba Akpom,Arsenal,1,0,0,0,1,90
Ryo Miyaichi,Arsenal,18,0,0,0,1,5
Clarindo Andre Santos,Arsenal,0,0,0,0,0,n/a
Yao Gervinho,Arsenal,0,0,0,0,0,n/a
Emmanuel Frimpong,Arsenal,0,0,0,0,0,n/a
Gedion Zelalem,Arsenal,0,0,0,0,0,n/a
Emiliano Viviano,Arsenal,0,0,0,0,0,n/a
Isaac Hayden,Arsenal,0,0,0,0,0,n/a
Chu-Young Park,Arsenal,0,0,0,0,0,n/a
Héctor Bellerín,Arsenal,0,0,0,0,0,n/a
Bradley Guzan,Aston Villa,3420,0,1,11,127,3.342105263
Andreas Weimann,Aston Villa,2651,5,5,6,106,3.598642022
Leandro Bacuna,Aston Villa,2598,5,1,10,104,3.602771363
Christian Benteke,Aston Villa,2126,10,2,16,103,4.360301035
Ashley Westwood,Aston Villa,3078,3,2,7,100,2.923976608
Fabian Delph,Aston Villa,3004,3,3,8,97,2.906125166
Gabriel Agbonlahor,Aston Villa,2441,4,7,10,97,3.576403113
Ron Vlaar,Aston Villa,2803,0,1,13,92,2.953977881
Karim El Ahmadi,Aston Villa,2177,2,1,1,69,2.85254938
Nathan Baker,Aston Villa,2478,0,1,4,62,2.251815981
Ciaran Clark,Aston Villa,2203,0,0,4,56,2.287789378
Antonio Luna,Aston Villa,1381,1,0,2,49,3.193338161
Matthew Lowton,Aston Villa,1664,0,3,3,43,2.325721154
Libor Kozák,Aston Villa,782,4,0,5,42,4.833759591
Marc Albrighton,Aston Villa,974,0,4,0,38,3.511293634
Ryan Bertrand,Aston Villa,1449,0,0,0,30,1.863354037
Aleksandar Tonev,Aston Villa,599,0,0,0,24,3.606010017
Grant Holt,Aston Villa,382,1,0,2,18,4.240837696
Yacouba Sylla,Aston Villa,552,0,0,0,16,2.608695652
Joe Bennett,Aston Villa,243,0,0,0,14,5.185185185
Jordan Bowery,Aston Villa,239,0,1,0,11,4.142259414
Jores Okore,Aston Villa,166,0,0,0,4,2.168674699
Callum Robinson,Aston Villa,50,0,0,0,4,7.2
Nicklas Helenius,Aston Villa,51,0,0,0,3,5.294117647
Chris Herd,Aston Villa,170,0,0,0,2,1.058823529
Jack Grealish,Aston Villa,3,0,0,0,1,30
Shay Given,Aston Villa,0,0,0,0,0,n/a
Enda Stevens,Aston Villa,0,0,0,0,0,n/a
Charles N'Zogbia,Aston Villa,0,0,0,0,0,n/a
Gary Gardner,Aston Villa,0,0,0,0,0,n/a
Brett Holman,Aston Villa,0,0,0,0,0,n/a
Nathan Delfouneso,Aston Villa,0,0,0,0,0,n/a
Samir Carruthers,Aston Villa,0,0,0,0,0,n/a
Jed Steer,Aston Villa,0,0,0,0,0,n/a
Daniel Johnson,Aston Villa,0,0,0,0,0,n/a
Janoi Donacien,Aston Villa,0,0,0,0,0,n/a
Jordan Mutch,Cardiff City,2263,7,6,13,123,4.891736633
Steven Caulker,Cardiff City,3420,5,0,19,122,3.210526316
David Marshall,Cardiff City,3330,0,0,11,121,3.27027027
Pete Whittingham,Cardiff City,2661,3,6,12,109,3.686583991
Fraizer Campbell,Cardiff City,2764,6,4,7,108,3.516642547
Gary Medel,Cardiff City,2862,0,1,0,71,2.232704403
Ben Turner,Cardiff City,2721,0,1,6,69,2.282249173
Kévin Théophile-Catherine,Cardiff City,2357,0,0,1,55,2.10012728
Aron Gunnarsson,Cardiff City,1538,1,2,2,54,3.159947984
Craig Bellamy,Cardiff City,1257,2,1,3,51,3.651551313
Bo-Kyung Kim,Cardiff City,1672,1,0,0,46,2.476076555
Craig Noone,Cardiff City,1225,1,2,0,42,3.085714286
Andrew Taylor,Cardiff City,1570,0,0,1,40,2.292993631
Don Cowie,Cardiff City,966,0,2,3,36,3.354037267
Kenwyne Jones,Cardiff City,966,1,1,2,36,3.354037267
Declan John,Cardiff City,1490,0,0,0,31,1.872483221
Fabio Da Silva,Cardiff City,1083,0,0,0,25,2.077562327
Mats Daehli,Cardiff City,628,1,0,0,25,3.582802548
Wilfried Zaha,Cardiff City,616,0,1,0,21,3.068181818
Juan Torres Ruiz,Cardiff City,584,2,0,3,18,2.773972603
Magnus Wolff Eikrem,Cardiff City,203,0,1,0,10,4.433497537
Nicky Maynard,Cardiff City,128,0,0,0,8,5.625
Andreas Cornelius,Cardiff City,113,0,0,0,8,6.371681416
Matthew Connolly,Cardiff City,270,0,0,0,6,2
Kevin McNaughton,Cardiff City,282,0,0,0,4,1.276595745
Joe Lewis,Cardiff City,90,0,0,0,3,3
Mark Hudson,Cardiff City,145,0,0,0,3,1.862068966
Rudy Gestede,Cardiff City,51,0,0,0,3,5.294117647
Jo Inge Berget,Cardiff City,12,0,0,0,1,7.5
Rhys Healey,Cardiff City,15,0,0,0,1,6
Tom James,Cardiff City,2,0,0,0,1,45
Ben Nugent,Cardiff City,0,0,0,0,0,n/a
Craig Conway,Cardiff City,0,0,0,0,0,n/a
Tommy Smith,Cardiff City,0,0,0,0,0,n/a
Joe Mason,Cardiff City,0,0,0,0,0,n/a
John Brayford,Cardiff City,0,0,0,0,0,n/a
Simon Moore,Cardiff City,0,0,0,0,0,n/a
Eden Hazard,Chelsea,2890,14,10,23,202,6.290657439
John Terry,Chelsea,3060,3,1,29,172,5.058823529
Branislav Ivanovic,Chelsea,3179,3,1,16,159,4.501415539
Gary Cahill,Chelsea,2624,1,2,18,147,5.041920732
Petr Cech,Chelsea,3060,0,0,1,146,4.294117647
Emboaba Oscar,Chelsea,2136,8,5,18,135,5.688202247
Cesar Azpilicueta,Chelsea,2325,0,1,4,109,4.219354839
Andre Schürrle,Chelsea,1328,8,2,11,103,6.980421687
Samuel Eto'o,Chelsea,1298,9,5,15,101,7.003081664
Fernando Torres,Chelsea,1573,5,6,13,89,5.092180547
Ashley Cole,Chelsea,1386,0,2,15,88,5.714285714
Frank Lampard,Chelsea,1703,5,4,7,86,4.544920728
Willian Borges Da Silva,Chelsea,1677,4,3,7,82,4.400715564
Nascimento Ramires,Chelsea,2607,1,4,3,79,2.727272727
Demba Ba,Chelsea,670,5,3,11,64,8.597014925
Nemanja Matic,Chelsea,1365,0,4,4,54,3.56043956
David Luiz Moreira Marinho,Chelsea,1360,0,1,4,53,3.507352941
 Mikel,Chelsea,1070,1,1,2,48,4.037383178
Mohamed Salah,Chelsea,501,2,1,3,31,5.568862275
Mark Schwarzer,Chelsea,360,0,0,3,22,5.5
Tomas Kalas,Chelsea,180,0,0,0,8,4
Kevin De Bruyne,Chelsea,132,0,1,0,7,4.772727273
Michael Essien,Chelsea,149,0,0,0,4,2.416107383
Marco van Ginkel,Chelsea,11,0,0,0,2,16.36363636
Nathan Aké,Chelsea,12,0,0,0,1,7.5
John Swift,Chelsea,2,0,0,0,1,45
Josh McEachran,Chelsea,0,0,0,0,0,n/a
Lucas Piazon,Chelsea,0,0,0,0,0,n/a
Isaiah Brown,Chelsea,0,0,0,0,0,n/a
Henrique Hilario,Chelsea,0,0,0,0,0,n/a
Lewis Baker,Chelsea,0,0,0,0,0,n/a
Julian Speroni,Crystal Palace,3330,0,0,14,144,3.891891892
Jason Puncheon,Crystal Palace,2511,7,3,18,131,4.695340502
Joel Ward,Crystal Palace,3240,0,3,13,123,3.416666667
Damien Delaney,Crystal Palace,3284,1,1,12,117,3.206455542
Mile Jedinak,Crystal Palace,3388,1,2,4,95,2.523612751
Marouane Chamakh,Crystal Palace,2294,5,3,9,87,3.413251962
Adrian Mariappa,Crystal Palace,2113,1,1,4,79,3.364884051
Danny Gabbidon,Crystal Palace,1974,1,0,7,74,3.373860182
Yannick Bolasie,Crystal Palace,2030,0,4,0,71,3.147783251
Dwight Gayle,Crystal Palace,892,7,0,12,69,6.961883408
Cameron Jerome,Crystal Palace,1752,2,2,4,60,3.082191781
Dean Moxey,Crystal Palace,1519,0,1,5,48,2.8439763
Joseph Ledley,Crystal Palace,1248,2,1,3,48,3.461538462
Kagisho Dikgacoi,Crystal Palace,1949,0,0,0,47,2.170343766
Scott Dann,Crystal Palace,1260,1,0,2,47,3.357142857
Barry Bannan,Crystal Palace,997,1,1,5,42,3.791374122
Jonathan Parr,Crystal Palace,759,0,0,1,28,3.320158103
Glenn Murray,Crystal Palace,402,1,2,0,26,5.820895522
Thomas Ince,Crystal Palace,411,1,1,3,24,5.255474453
Stuart O'Keefe,Crystal Palace,399,1,0,0,18,4.060150376
José Campaña,Crystal Palace,310,0,2,0,13,3.774193548
Adlène Guédioura,Crystal Palace,318,0,0,0,12,3.396226415
Jerome Thomas,Crystal Palace,371,0,0,0,10,2.425876011
Jonathan Williams,Crystal Palace,186,0,0,0,9,4.35483871
Jimmy Kébé,Crystal Palace,191,0,0,0,7,3.298429319
Aaron Wilbraham,Crystal Palace,84,0,0,0,5,5.357142857
Kevin Phillips,Crystal Palace,78,0,0,0,4,4.615384615
Owen Garvan,Crystal Palace,93,0,0,0,3,2.903225806
Stephen Dobbie,Crystal Palace,66,0,0,0,2,2.727272727
Wayne Hennessey,Crystal Palace,90,0,0,0,2,2
Patrick McCarthy,Crystal Palace,27,0,0,0,1,3.333333333
Lewis Price,Crystal Palace,0,0,0,0,0,n/a
Darcy Blake,Crystal Palace,0,0,0,0,0,n/a
Peter Ramage,Crystal Palace,0,0,0,0,0,n/a
Andre Moritz,Crystal Palace,0,0,0,0,0,n/a
Elliot Grandin,Crystal Palace,0,0,0,0,0,n/a
Neil Alexander,Crystal Palace,0,0,0,0,0,n/a
Florian Marange,Crystal Palace,0,0,0,0,0,n/a
Jack Hunt,Crystal Palace,0,0,0,0,0,n/a
Ryan Inniss,Crystal Palace,0,0,0,0,0,n/a
Hiram Boateng,Crystal Palace,0,0,0,0,0,n/a
Seamus Coleman,Everton,3228,6,2,20,180,5.018587361
Leighton Baines,Everton,2838,5,5,26,169,5.359408034
Romelu Lukaku,Everton,2598,15,9,21,168,5.819861432
Tim Howard,Everton,3262,0,1,7,160,4.414469651
Kevin Mirallas,Everton,2327,9,7,14,144,5.569402664
Sylvain Distin,Everton,2925,0,0,10,117,3.6
Ross Barkley,Everton,2288,6,4,12,112,4.405594406
Leon Osman,Everton,2164,3,6,10,106,4.408502773
Phil Jagielka,Everton,2315,0,1,19,104,4.043196544
James McCarthy,Everton,2857,1,4,6,95,2.992649632
Gareth Barry,Everton,2848,2,4,6,94,2.970505618
Steven Naismith,Everton,1419,5,3,9,81,5.137420719
Steven Pienaar,Everton,1624,1,3,4,69,3.823891626
Gerard Deulofeu,Everton,900,3,4,5,60,6
John Stones,Everton,1372,0,0,6,59,3.870262391
Bryan Oviedo,Everton,717,2,1,6,34,4.267782427
Aiden McGeady,Everton,477,0,1,0,23,4.339622642
Antolin Alcaraz,Everton,495,0,0,1,6,1.090909091
Joel Robles,Everton,157,0,0,0,5,2.866242038
Arouna Koné,Everton,82,0,0,0,5,5.487804878
Tony Hibbert,Everton,4,0,0,0,1,22.5
Darron Gibson,Everton,28,0,0,0,1,3.214285714
Lacina Traore,Everton,1,0,0,0,1,90
Luke Garbutt,Everton,1,0,0,0,1,90
Mason Springthorpe,Everton,0,0,0,0,0,n/a
Shane Duffy,Everton,0,0,0,0,0,n/a
Apostolos Vellios,Everton,0,0,0,0,0,n/a
Magaye Gueye,Everton,0,0,0,0,0,n/a
Tyias Browning,Everton,0,0,0,0,0,n/a
Ryan Ledson,Everton,0,0,0,0,0,n/a
Conor McAleny,Everton,0,0,0,0,0,n/a
Steve Sidwell,Fulham,3232,7,2,14,126,3.508663366
Kieran Richardson,Fulham,2375,4,5,3,93,3.524210526
Scott Parker,Fulham,2313,2,2,6,70,2.723735409
Sascha Riether,Fulham,2646,0,3,6,67,2.278911565
Lewis Holtby,Fulham,1490,2,3,7,67,4.046979866
Pajtim Kasami,Fulham,1810,3,0,4,64,3.182320442
Ashkan Dejagah,Fulham,1300,5,2,4,64,4.430769231
Dimitar Berbatov,Fulham,1564,4,2,7,62,3.567774936
Darren Bent,Fulham,1246,3,2,7,60,4.333868379
David Stockdale,Fulham,1739,0,0,3,53,2.742955722
Maarten Stekelenburg,Fulham,1681,0,0,0,48,2.56989887
Alex Kacaniklic,Fulham,1298,1,2,0,47,3.258859784
Brede Hangeland,Fulham,1903,0,0,6,46,2.175512349
Bryan Ruiz,Fulham,773,1,4,4,39,4.540750323
Hugo Rodallega,Fulham,627,2,2,6,39,5.598086124
Fernando Amorebieta,Fulham,1847,1,0,4,35,1.705468327
Johnny Heitinga,Fulham,1249,1,1,3,34,2.449959968
Philippe Senderos,Fulham,1026,1,1,4,32,2.807017544
Damien Duff,Fulham,694,0,3,0,32,4.149855908
Adel Taarabt,Fulham,596,0,1,0,23,3.473154362
Giorgos Karagounis,Fulham,656,0,0,0,21,2.881097561
Aaron Hughes,Fulham,1065,0,0,2,19,1.605633803
John Arne Riise,Fulham,1488,0,0,0,18,1.088709677
Cauley Woodrow,Fulham,410,1,0,2,16,3.512195122
William Kvist,Fulham,590,0,0,0,15,2.288135593
Clint Dempsey,Fulham,354,0,0,0,9,2.288135593
Ryan Tunnicliffe,Fulham,166,0,1,0,9,4.879518072
Dan Burn,Fulham,607,0,0,0,8,1.18616145
Mahamadou Diarra,Fulham,336,0,0,0,8,2.142857143
Matthew Briggs,Fulham,88,0,0,0,7,7.159090909
Chris David,Fulham,68,1,0,2,7,9.264705882
Kostas Mitroglou,Fulham,153,0,0,0,4,2.352941176
Derek Boateng,Fulham,155,0,0,0,3,1.741935484
Elsad Zverotic,Fulham,404,0,0,0,3,0.668316832
Moussa Dembele,Fulham,88,0,0,0,3,3.068181818
Muamer Tankovic,Fulham,61,0,0,0,3,4.426229508
Buomesca Tue Na Bangna,Fulham,19,0,0,0,1,4.736842105
Larnell Cole,Fulham,11,0,0,0,1,8.181818182
Patrick Roberts,Fulham,46,0,0,0,1,1.956521739
Neil Etheridge,Fulham,0,0,0,0,0,n/a
Stanislav Manolev,Fulham,0,0,0,0,0,n/a
Kerim Frei,Fulham,0,0,0,0,0,n/a
Eyong Enoh,Fulham,0,0,0,0,0,n/a
Lasse Vigen Christensen,Fulham,0,0,0,0,0,n/a
Marcus Bettinelli,Fulham,0,0,0,0,0,n/a
Joshua Passley,Fulham,0,0,0,0,0,n/a
Jesse Joronen,Fulham,0,0,0,0,0,n/a
George Williams,Fulham,0,0,0,0,0,n/a
Curtis Davies,Hull City,3325,2,1,9,115,3.112781955
Jake Livermore,Hull City,3053,3,4,6,107,3.154274484
Tom Huddlestone,Hull City,3142,2,6,5,106,3.036282623
Ahmed Elmohamady,Hull City,3325,2,2,2,100,2.706766917
Shane Long,Hull City,2240,7,2,11,97,3.897321429
Liam Rosenior,Hull City,1987,1,3,12,90,4.076497232
Maynor Figueroa,Hull City,2711,0,1,4,85,2.821836961
Allan McGregor,Hull City,2227,0,0,5,82,3.313875168
Nikica Jelavic,Hull City,1689,5,3,8,76,4.04973357
David Meyler,Hull City,2129,2,1,4,64,2.705495538
Yannick Sagbo,Hull City,1503,2,3,5,60,3.592814371
George Boyd,Hull City,1209,2,2,2,58,4.317617866
James Chester,Hull City,1867,1,0,1,56,2.699517943
Robbie Brady,Hull City,891,3,1,8,51,5.151515152
Robert Koren,Hull City,1139,2,0,2,46,3.63476734
Sone Aluko,Hull City,935,1,3,1,40,3.85026738
Danny Graham,Hull City,999,1,2,4,40,3.603603604
Alex Bruce,Hull City,1589,0,1,0,38,2.152297042
Steve Harper,Hull City,1101,0,0,2,37,3.024523161
Paul McShane,Hull City,684,0,0,2,24,3.157894737
Stephen Quinn,Hull City,511,0,0,0,20,3.522504892
Matty Fryatt,Hull City,226,2,0,0,18,7.168141593
Abdoulaye Faye,Hull City,270,0,0,1,14,4.666666667
Eldin Jakupovic,Hull City,90,0,0,0,2,2
Nick Proschwitz,Hull City,25,0,0,0,2,7.2
Mohamed Nagy,Hull City,32,0,0,0,2,5.625
Aaron McLean,Hull City,7,0,0,0,1,12.85714286
Jack Hobbs,Hull City,0,0,0,0,0,n/a
Joe Dudgeon,Hull City,0,0,0,0,0,n/a
Corry Evans,Hull City,0,0,0,0,0,n/a
Luis Suárez,Liverpool,2963,30,25,40,295,8.960512994
Steven Gerrard,Liverpool,2895,13,15,30,205,6.373056995
Daniel Sturridge,Liverpool,2269,22,8,34,197,7.814014985
Martin Skrtel,Liverpool,3221,7,1,16,137,3.828003726
Simon Mignolet,Liverpool,3420,0,0,4,132,3.473684211
Raheem Sterling,Liverpool,2219,9,7,7,132,5.353762956
Jordan Henderson,Liverpool,3128,4,7,9,124,3.567774936
Phillippe Coutinho,Liverpool,2327,5,7,4,114,4.409110443
Glen Johnson,Liverpool,2516,0,3,8,92,3.290937997
Daniel Agger,Liverpool,1421,2,1,9,87,5.510204082
Jon Flanagan,Liverpool,1891,1,2,5,69,3.283976732
Kolo Touré,Liverpool,1443,0,2,3,46,2.869022869
Leiva Lucas,Liverpool,1871,0,0,0,46,2.21272047
Joe Allen,Liverpool,1442,1,1,2,46,2.871012483
Mamadou Sakho,Liverpool,1478,1,0,5,45,2.740189445
Aly Cissokho,Liverpool,1089,0,2,0,37,3.05785124
José Enrique Sanchez Diaz,Liverpool,604,0,2,4,35,5.215231788
Victor Moses,Liverpool,652,1,0,3,33,4.555214724
Iago Aspas,Liverpool,384,0,1,2,19,4.453125
Luis Alberto Romero Alconchel,Liverpool,144,0,1,0,12,7.5
Martin Kelly,Liverpool,112,0,0,0,5,4.017857143
Andre Wisdom,Liverpool,81,0,0,0,1,1.111111111
Jordon Ibe,Liverpool,15,0,0,0,1,6
Brad Smith,Liverpool,31,0,0,0,1,2.903225806
João Carlos Vilaça Teixeira,Liverpool,9,0,0,0,1,10
Jose Reina,Liverpool,0,0,0,0,0,n/a
Brad Jones,Liverpool,0,0,0,0,0,n/a
Sebastian Coates,Liverpool,0,0,0,0,0,n/a
Conor Coady,Liverpool,0,0,0,0,0,n/a
Jesus Fernandez Saez,Liverpool,0,0,0,0,0,n/a
Tiago Ilori,Liverpool,0,0,0,0,0,n/a
Jordan Rossiter,Liverpool,0,0,0,0,0,n/a
Danny Ward,Liverpool,0,0,0,0,0,n/a
Gnegneri Yaya Touré,Man City,2917,20,9,34,241,7.435721632
Edin Dzeko,Man City,1986,16,7,25,157,7.114803625
Sergio Agüero,Man City,1528,17,11,22,156,9.188481675
Samir Nasri,Man City,2485,7,11,14,155,5.613682093
David Silva,Man City,2163,7,12,20,151,6.282940361
Pablo Zabaleta,Man City,3080,1,6,14,146,4.266233766
Martín Demichelis,Man City,2430,2,2,12,118,4.37037037
Joe Hart,Man City,2790,0,0,2,117,3.774193548
Aleksandar Kolarov,Man City,1977,1,8,12,116,5.280728376
Álvaro Negredo,Man City,1722,9,5,10,109,5.696864111
Vincent Kompany,Man City,2363,4,1,8,105,3.999153618
Fernando Luiz Rosa,Man City,2609,5,3,8,105,3.622077424
Jesús Navas,Man City,1779,4,7,9,104,5.261382799
Gael Clichy,Man City,1662,0,0,4,67,3.628158845
James Milner,Man City,1373,1,6,0,67,4.39184268
Matija Nastasic,Man City,1029,1,0,5,43,3.760932945
Francisco Javier García Fernández,Man City,1538,0,0,0,42,2.457737321
Joleon Lescott,Man City,785,0,0,1,34,3.898089172
Stevan Jovetic,Man City,368,3,2,2,34,8.315217391
Costel Pantilimon,Man City,630,0,0,0,25,3.571428571
Jack Rodwell,Man City,112,0,0,0,7,5.625
Micah Richards,Man City,160,0,0,0,4,2.25
Dedryck Boyata,Man City,54,0,0,0,1,1.666666667
Richard Wright,Man City,0,0,0,0,0,n/a
Karim Rekik,Man City,0,0,0,0,0,n/a
Sisenando Maicon,Man City,0,0,0,0,0,n/a
Marcos Paulo Mesquita Lopes,Man City,0,0,0,0,0,n/a
Wayne Rooney,Man Utd,2445,17,12,38,190,6.993865031
Patrice Evra,Man Utd,2880,1,5,18,142,4.4375
David De Gea,Man Utd,3330,0,0,0,128,3.459459459
Juan Mata,Man Utd,2053,6,7,15,124,5.435947394
Robin van Persie,Man Utd,1580,12,3,18,112,6.379746835
Danny Welbeck,Man Utd,1462,9,4,16,100,6.155950752
Phil Jones,Man Utd,2171,1,2,5,86,3.565177338
Adnan Januzaj,Man Utd,1645,4,5,3,82,4.486322188
Chris Smalling,Man Utd,1939,1,0,6,79,3.666838577
Antonio Valencia,Man Utd,1947,2,3,4,72,3.328197227
Michael Carrick,Man Utd,2413,1,0,3,68,2.536261915
Nemanja Vidic,Man Utd,2084,0,0,6,64,2.763915547
Javier Hernández,Man Utd,854,4,3,4,56,5.901639344
Rafael Da Silva,Man Utd,1413,0,1,5,51,3.248407643
Ashley Young,Man Utd,1028,2,3,1,50,4.377431907
Tom Cleverley,Man Utd,1578,1,0,3,48,2.737642586
Shinji Kagawa,Man Utd,1164,0,4,1,48,3.711340206
Marouane Fellaini,Man Utd,1374,0,2,2,47,3.07860262
Jonny Evans,Man Utd,1375,0,0,7,47,3.076363636
Rio Ferdinand,Man Utd,1129,0,0,6,43,3.427812223
Darren Fletcher,Man Utd,780,0,1,0,27,3.115384615
Ryan Giggs,Man Utd,505,0,1,0,20,3.564356436
Alexander Büttner,Man Utd,500,0,1,2,18,3.24
Luis Nani,Man Utd,558,0,0,0,17,2.741935484
James Wilson,Man Utd,63,2,0,3,13,18.57142857
Anders Lindegaard,Man Utd,90,0,0,0,7,7
Oliveira Anderson,Man Utd,154,0,0,0,7,4.090909091
Tom Lawrence,Man Utd,69,0,0,0,2,2.608695652
Guillermo Varela,Man Utd,0,0,0,0,0,n/a
Nick Powell,Man Utd,0,0,0,0,0,n/a
Jesse Lingard,Man Utd,0,0,0,0,0,n/a
Ben Amos,Man Utd,0,0,0,0,0,n/a
Sam Johnstone,Man Utd,0,0,0,0,0,n/a
Michael Keane,Man Utd,0,0,0,0,0,n/a
Loïc Remy,Newcastle,2097,14,3,27,135,5.793991416
Tim Krul,Newcastle,3240,0,0,8,123,3.416666667
Yoan Gouffran,Newcastle,2610,6,5,15,114,3.931034483
Moussa Sissoko,Newcastle,3031,3,6,6,109,3.236555592
Yohan Cabaye,Newcastle,1504,7,4,13,96,5.744680851
Mathieu Debuchy,Newcastle,2490,1,4,9,93,3.361445783
Mike Williamson,Newcastle,2912,0,1,5,87,2.688873626
Fabricio Coloccini,Newcastle,2404,0,0,11,82,3.069883527
Hatem Ben Arfa,Newcastle,1312,3,6,5,78,5.350609756
Vurnon Anita,Newcastle,2456,1,1,2,76,2.785016287
Davide Santon,Newcastle,2218,0,0,7,75,3.043282236
Cheick Tiote,Newcastle,2763,0,2,2,68,2.214983713
Papiss Demba Cissé,Newcastle,1385,2,3,0,55,3.57400722
Shola Ameobi,Newcastle,1286,2,2,4,54,3.779160187
Mapou Yanga-Mbiwa,Newcastle,1499,0,0,9,52,3.122081388
Paul Dummett,Newcastle,1139,1,1,2,36,2.844600527
Luuk de Jong,Newcastle,667,0,2,0,23,3.103448276
Steven Taylor,Newcastle,732,1,0,0,17,2.090163934
Sylvain Marveaux,Newcastle,230,0,0,0,13,5.086956522
Sammy Ameobi,Newcastle,374,0,0,0,12,2.887700535
Dan Gosling,Newcastle,361,0,0,0,11,2.742382271
Massadio Haidara,Newcastle,433,0,0,0,6,1.247113164
Adam Armstrong,Newcastle,34,0,0,0,4,10.58823529
Gabriel Obertan,Newcastle,36,0,0,0,3,7.5
Rob Elliot,Newcastle,180,0,0,0,2,1
Jak Alnwick,Newcastle,0,0,0,0,0,n/a
Ryan Taylor,Newcastle,0,0,0,0,0,n/a
James Tavernier,Newcastle,0,0,0,0,0,n/a
Shane Ferguson,Newcastle,0,0,0,0,0,n/a
Mehdi Abeid,Newcastle,0,0,0,0,0,n/a
Gael Bigirimana,Newcastle,0,0,0,0,0,n/a
Adam Campbell,Newcastle,0,0,0,0,0,n/a
Haris Vuckic,Newcastle,0,0,0,0,0,n/a
Lubomir Satka,Newcastle,0,0,0,0,0,n/a
John Ruddy,Norwich,3420,0,0,8,135,3.552631579
Robert Snodgrass,Norwich,2569,6,2,10,105,3.678474114
Martin Olsson,Norwich,2964,0,2,4,97,2.94534413
Gary Hooper,Norwich,2020,6,2,13,96,4.277227723
Leroy Fer,Norwich,2461,3,2,6,86,3.145062983
Sebastien Bassong,Norwich,2377,0,0,9,83,3.142616744
Bradley Johnson,Norwich,2459,3,1,6,80,2.92801952
Nathan Redmond,Norwich,2160,1,3,4,80,3.333333333
Russell Martin,Norwich,2617,0,0,3,78,2.682460833
Jonathan Howson,Norwich,2086,2,0,3,65,2.804410355
Johan Elmander,Norwich,1484,1,5,0,60,3.638814016
Steven Whittaker,Norwich,1423,1,2,1,49,3.099086437
Ricky van Wolfswinkel,Norwich,1392,1,2,0,48,3.103448276
Ryan Bennett,Norwich,1350,1,0,6,47,3.133333333
Michael Turner,Norwich,1943,0,0,1,47,2.177045805
Alexander Tettey,Norwich,1486,1,0,5,46,2.786002692
Wes Hoolahan,Norwich,798,1,1,1,36,4.060150376
Anthony Pilkington,Norwich,829,1,1,2,35,3.799758745
Joseph Yobo,Norwich,720,0,0,1,24,3
Javier Garrido,Norwich,515,0,0,0,11,1.922330097
Jonás Gutiérrez,Norwich,260,0,0,0,9,3.115384615
Josh Murphy,Norwich,139,0,0,0,8,5.179856115
Luciano Becchio,Norwich,58,0,0,0,5,7.75862069
Elliott Bennett,Norwich,105,0,0,0,3,2.571428571
Jamar Loza,Norwich,33,0,0,0,1,2.727272727
Declan Rudd,Norwich,0,0,0,0,0,n/a
Mark Bunn,Norwich,0,0,0,0,0,n/a
Leon Barnett,Norwich,0,0,0,0,0,n/a
Daniel Ayala,Norwich,0,0,0,0,0,n/a
Andrew Surman,Norwich,0,0,0,0,0,n/a
David Fox,Norwich,0,0,0,0,0,n/a
Jacob Butterfield,Norwich,0,0,0,0,0,n/a
Carlo Nash,Norwich,0,0,0,0,0,n/a
Rickie Lambert,Southampton,2814,13,11,28,179,5.724946695
Adam Lallana,Southampton,3086,9,9,20,178,5.191186001
Jay Rodriguez,Southampton,2565,15,3,24,152,5.333333333
Jose Fonte,Southampton,3182,3,0,21,149,4.21433061
Artur Boruc,Southampton,2577,0,1,6,125,4.365541327
Dejan Lovren,Southampton,2787,2,1,17,124,4.004305705
Luke Shaw,Southampton,2990,0,2,10,123,3.702341137
Steven Davis,Southampton,2493,2,7,10,110,3.971119134
Nathaniel Clyne,Southampton,1862,0,5,10,100,4.833512352
Morgan Schneiderlin,Southampton,2765,2,1,3,84,2.734177215
James Ward-Prowse,Southampton,1617,0,2,4,60,3.339517625
Jack Cork,Southampton,1728,0,2,0,53,2.760416667
Calum Chambers,Southampton,1641,0,0,4,49,2.68738574
Victor Wanyama,Southampton,1659,0,0,0,42,2.278481013
Pablo Osvaldo,Southampton,855,3,1,6,38,4
Gastón Ramírez,Southampton,520,1,3,0,34,5.884615385
Maya Yoshida,Southampton,633,1,0,2,31,4.407582938
Sam Gallagher,Southampton,390,1,0,0,25,5.769230769
Paulo Gazzaniga,Southampton,663,0,0,0,17,2.307692308
Daniel Fox,Southampton,257,0,1,0,12,4.20233463
Guly Do Prado,Southampton,82,0,0,0,9,9.87804878
Harrison Reed,Southampton,12,0,0,0,4,30
Kelvin Davis,Southampton,180,0,0,0,2,1
Jos Hooiveld,Southampton,270,0,0,0,1,0.333333333
Steve De Ridder,Southampton,0,0,0,0,0,n/a
Billy Sharp,Southampton,0,0,0,0,0,n/a
Emmanuel Mayuka,Southampton,0,0,0,0,0,n/a
Jack Stephens,Southampton,0,0,0,0,0,n/a
Lloyd Isgrove,Southampton,0,0,0,0,0,n/a
Tadanari Lee,Southampton,0,0,0,0,0,n/a
Cody Cropper,Southampton,0,0,0,0,0,n/a
Matt Targett,Southampton,0,0,0,0,0,n/a
Asmir Begovic,Stoke City,2880,1,0,9,136,4.25
Marko Arnautovic,Stoke City,2248,4,10,8,116,4.644128114
Peter Crouch,Stoke City,2642,7,6,12,114,3.88342165
Charlie Adam,Stoke City,1755,8,4,9,109,5.58974359
Ryan Shawcross,Stoke City,3291,1,0,16,108,2.953509572
Geoff Cameron,Stoke City,3285,2,1,7,108,2.95890411
Erik Pieters,Stoke City,2900,1,3,8,101,3.134482759
Peter Odemwingie,Stoke City,2084,7,2,11,92,3.973128599
Steven N'Zonzi,Stoke City,3040,2,1,4,88,2.605263158
Jonathan Walters,Stoke City,2233,5,3,3,83,3.345275414
Marc Wilson,Stoke City,2692,0,0,11,82,2.741456166
Glenn Whelan,Stoke City,2355,0,2,4,66,2.522292994
Stephen Ireland,Stoke City,1391,2,3,0,59,3.817397556
Oussama Assaidi,Stoke City,1113,4,0,3,56,4.528301887
Robert Huth,Stoke City,1066,0,2,2,41,3.461538462
Marc Muniesa,Stoke City,831,0,0,3,29,3.140794224
Matthew Etherington,Stoke City,422,0,0,0,19,4.052132701
Wilson Palacios,Stoke City,519,0,0,0,17,2.947976879
Jermaine Pennant,Stoke City,185,1,0,2,14,6.810810811
Thomas Sørensen,Stoke City,315,0,0,0,11,3.142857143
John Guidetti,Stoke City,64,0,1,0,9,12.65625
Andy Wilkinson,Stoke City,274,0,0,0,6,1.97080292
Jack Butland,Stoke City,225,0,0,0,5,2
Brek Shea,Stoke City,32,0,0,0,1,2.8125
Ryan Shotton,Stoke City,0,0,0,0,0,n/a
Michael Kightly,Stoke City,0,0,0,0,0,n/a
Maurice Edu,Stoke City,0,0,0,0,0,n/a
Jamie Ness,Stoke City,0,0,0,0,0,n/a
Charlie Ward,Stoke City,0,0,0,0,0,n/a
Vito Mannone,Sunderland,2568,0,0,16,134,4.696261682
Adam Johnson,Sunderland,2438,8,6,10,134,4.946677605
John O'Shea,Sunderland,2919,1,0,16,101,3.114080164
Fabio Borini,Sunderland,2142,7,3,10,94,3.949579832
Jack Colback,Sunderland,2424,3,3,2,86,3.193069307
Sung-Yueng Ki,Sunderland,2195,3,2,6,84,3.444191344
Sebastian Larsson,Sunderland,2217,1,4,3,79,3.207036536
Wes Brown,Sunderland,2063,0,1,11,75,3.271934077
Emanuele Giaccherini,Sunderland,1354,4,4,3,74,4.918759232
Phil Bardsley,Sunderland,2245,2,1,7,71,2.846325167
Connor Wickham,Sunderland,847,5,2,8,58,6.162927981
Jozy Altidore,Sunderland,1783,1,3,0,58,2.927650028
Marcos Alonso,Sunderland,1440,0,2,6,52,3.25
Steven Fletcher,Sunderland,1239,3,0,5,46,3.341404358
Lee Cattermole,Sunderland,1754,1,0,0,45,2.309007982
Ondrej Celustka,Sunderland,1335,0,0,1,44,2.966292135
Craig Gardner,Sunderland,772,2,2,0,36,4.196891192
Santiago Vergini,Sunderland,979,0,0,1,24,2.206332993
Keiren Westwood,Sunderland,852,0,0,0,19,2.007042254
Liam Bridcutt,Sunderland,849,0,0,0,19,2.014134276
Valentin Roberge,Sunderland,668,0,1,0,17,2.290419162
Modibo Diakité,Sunderland,630,0,0,0,14,2
Andrea Dossena,Sunderland,494,0,0,0,8,1.457489879
Dong-Won Ji,Sunderland,200,0,0,0,6,2.7
Ignacio Scocco,Sunderland,99,0,0,0,6,5.454545455
Charalampos Mavrias,Sunderland,152,0,0,0,5,2.960526316
Carlos Cuéllar,Sunderland,341,0,0,0,4,1.055718475
David Vaughan,Sunderland,170,0,0,0,4,2.117647059
Tavares Varela Adilson Cabral,Sunderland,90,0,0,0,2,2
El-Hadji Ba,Sunderland,20,0,0,0,1,4.5
Kader Mangane,Sunderland,0,0,0,0,0,n/a
James McClean,Sunderland,0,0,0,0,0,n/a
Alfred N'Diaye,Sunderland,0,0,0,0,0,n/a
Billy Knott,Sunderland,0,0,0,0,0,n/a
Mikael Mandron,Sunderland,0,0,0,0,0,n/a
Adam Mitchell,Sunderland,0,0,0,0,0,n/a
David Moberg-Karlsson,Sunderland,0,0,0,0,0,n/a
Jordan Pickford,Sunderland,0,0,0,0,0,n/a
Óscar Ustari,Sunderland,0,0,0,0,0,n/a
Liam Agnew,Sunderland,0,0,0,0,0,n/a
Wilfried Bony,Swansea,2469,17,4,21,158,5.759416768
Jonjo Shelvey,Swansea,2471,6,7,11,122,4.443545123
Jonathan De Guzmán,Swansea,2354,4,5,12,111,4.243840272
Ashley Williams,Swansea,3039,1,1,12,101,2.991115499
 Chico,Swansea,2689,3,1,14,99,3.313499442
Ben Davies,Swansea,2874,2,1,12,99,3.100208768
Wayne Routledge,Swansea,2700,2,4,3,95,3.166666667
Nathan Dyer,Swansea,1747,6,2,9,93,4.791070406
Michel Vorm,Swansea,2340,0,0,2,81,3.115384615
Angel Rangel,Swansea,2632,0,2,5,77,2.632978723
Pablo Hernández,Swansea,1427,2,7,5,77,4.856341976
Leon Britton,Swansea,2018,0,2,2,58,2.586719524
Miguel Michu,Swansea,1286,2,2,5,57,3.98911353
José Alberto Cañas Ruiz Herrera,Swansea,1667,0,0,0,40,2.159568086
Alejandro Pozuelo Melero,Swansea,882,0,3,2,39,3.979591837
Roland Lamah,Swansea,456,2,2,5,33,6.513157895
Gerhard Tremmel,Swansea,1080,0,0,0,29,2.416666667
Dwight Tiendalli,Swansea,749,0,1,1,26,3.124165554
Jordi Amat,Swansea,1248,0,0,0,26,1.875
Neil Taylor,Swansea,593,0,1,3,23,3.490725126
Marvin Emnes,Swansea,139,1,3,3,21,13.5971223
Álvaro Vázquez García,Swansea,413,0,1,0,19,4.140435835
Kyle Bartley,Swansea,91,0,0,0,3,2.967032967
David Ngog,Swansea,45,0,0,0,3,6
Leroy Lita,Swansea,36,0,0,0,2,5
Jay Fulton,Swansea,80,0,0,0,2,2.25
David Cornell,Swansea,0,0,0,0,0,n/a
Alan Tate,Swansea,0,0,0,0,0,n/a
Garry Monk,Swansea,0,0,0,0,0,n/a
Kemy Agustien,Swansea,0,0,0,0,0,n/a
Luke Moore,Swansea,0,0,0,0,0,n/a
Itay Shechter,Swansea,0,0,0,0,0,n/a
Rory Donnelly,Swansea,0,0,0,0,0,n/a
Ashley Richards,Swansea,0,0,0,0,0,n/a
Daniel Alfei,Swansea,0,0,0,0,0,n/a
Gregor Zabret,Swansea,0,0,0,0,0,n/a
Lee Lucas,Swansea,0,0,0,0,0,n/a
Adam King,Swansea,0,0,0,0,0,n/a
Hugo Lloris,Tottenham,3330,0,0,5,141,3.810810811
Christian Eriksen,Tottenham,1976,7,9,20,132,6.012145749
Emmanuel Adebayor,Tottenham,1805,11,6,19,120,5.983379501
José Paulo Bezerra Maciel Júnior,Tottenham,2374,6,3,12,115,4.359730413
Michael Dawson,Tottenham,2838,0,0,10,106,3.361522199
Kyle Walker,Tottenham,2297,1,4,15,103,4.035698737
Roberto Soldado,Tottenham,1930,6,5,18,100,4.663212435
Jan Vertonghen,Tottenham,2003,0,1,15,91,4.0888667
Aaron Lennon,Tottenham,2177,1,5,1,81,3.348644924
Gylfi Sigurdsson,Tottenham,1276,5,0,5,72,5.078369906
Vlad Chiriches,Tottenham,1413,1,0,13,69,4.394904459
Danny Rose,Tottenham,1898,1,4,7,67,3.177028451
Mousa Dembélé,Tottenham,1818,1,2,6,65,3.217821782
Nacer Chadli,Tottenham,1452,1,3,1,58,3.595041322
Kyle Naughton,Tottenham,1746,0,1,5,56,2.886597938
Andros Townsend,Tottenham,1234,1,1,2,53,3.86547812
Nabil Bentaleb,Tottenham,1071,0,2,2,34,2.857142857
Raniere Sandro,Tottenham,827,1,1,2,30,3.264812576
Harry Kane,Tottenham,500,3,0,3,28,5.04
Etienne Capoue,Tottenham,685,1,0,0,25,3.284671533
Younes Kaboul,Tottenham,941,1,1,3,23,2.19978746
Jermain Defoe,Tottenham,432,1,0,1,21,4.375
Ezekiel Fryers,Tottenham,401,0,0,0,16,3.591022444
Erik Lamela,Tottenham,331,0,1,0,14,3.806646526
Brad Friedel,Tottenham,90,0,0,0,3,3
Milos Veljkovic,Tottenham,32,0,0,0,2,5.625
Alex Pritchard,Tottenham,8,0,0,0,1,11.25
Heurelho Gomes,Tottenham,0,0,0,0,0,n/a
Benoit Assou-Ekotto,Tottenham,0,0,0,0,0,n/a
Gareth Bale,Tottenham,0,0,0,0,0,n/a
Yago Falque,Tottenham,0,0,0,0,0,n/a
Tom Carroll,Tottenham,0,0,0,0,0,n/a
Simon Dawkins,Tottenham,0,0,0,0,0,n/a
Ryan Fredericks,Tottenham,0,0,0,0,0,n/a
Harry Winks,Tottenham,0,0,0,0,0,n/a
Morgan Amalfitano,West Brom,2139,4,4,8,96,4.039270687
Youssouf Mulumbu,West Brom,3080,2,2,8,94,2.746753247
Ben Foster,West Brom,2148,0,0,13,92,3.854748603
Stephane Sessegnon,West Brom,2069,5,1,6,91,3.958434026
Liam Ridgewell,West Brom,2868,1,2,9,88,2.761506276
Gareth McAuley,West Brom,2858,2,1,5,86,2.708187544
James Morrison,West Brom,2212,1,5,6,83,3.377034358
Jonas Olsson,West Brom,2817,1,1,8,82,2.619808307
Chris Brunt,West Brom,2243,3,4,5,81,3.250111458
Saido Berahino,West Brom,1419,5,2,8,79,5.010570825
Victor Anichebe,West Brom,1221,3,3,8,62,4.57002457
Matej Vydra,West Brom,674,3,4,7,59,7.878338279
Claudio Yacob,West Brom,1840,1,0,4,52,2.543478261
Billy Jones,West Brom,1738,0,1,4,49,2.53739931
Boaz Myhill,West Brom,1260,0,0,3,43,3.071428571
Graham Dorrans,West Brom,1105,2,0,3,38,3.095022624
Nicolas Anelka,West Brom,850,2,0,3,33,3.494117647
Craig Dawson,West Brom,950,0,2,1,28,2.652631579
Steven Reid,West Brom,1304,0,0,0,27,1.863496933
Thievy Bifouma Koulossa,West Brom,252,2,0,4,20,7.142857143
Zoltan Gera,West Brom,488,0,1,0,19,3.504098361
Diego Lugano,West Brom,660,1,0,2,17,2.318181818
Scott Sinclair,West Brom,301,0,1,0,14,4.186046512
Markus Rosenberg,West Brom,91,0,0,0,5,4.945054945
Liam O'Neil,West Brom,18,0,0,0,3,15
Goran Popov,West Brom,83,0,0,0,2,2.168674699
Luke Daniels,West Brom,12,0,0,0,1,7.5
Gabriel Tamas,West Brom,0,0,0,0,0,n/a
George Thorne,West Brom,0,0,0,0,0,n/a
Lee Camp,West Brom,0,0,0,0,0,n/a
Donervon Daniels,West Brom,0,0,0,0,0,n/a
Kemar Roofe,West Brom,0,0,0,0,0,n/a
Kevin Nolan,West Ham,2676,7,7,12,131,4.405829596
Mark Noble,West Ham,3340,3,6,12,125,3.368263473
Guy Demel,West Ham,2635,1,1,8,112,3.825426945
Mohamed Diamé,West Ham,2478,4,3,5,99,3.595641646
Jussi Jääskeläinen,West Ham,1620,0,1,8,88,4.888888889
James Tomkins,West Ham,2597,0,0,3,87,3.015017328
Matthew Jarvis,West Ham,1942,2,4,0,86,3.985581874
Stewart Downing,West Ham,2507,1,2,2,85,3.051455923
Adrián San Miguel del Castillo,West Ham,1800,0,0,6,83,4.15
James Collins,West Ham,1898,1,0,8,80,3.793466807
Winston Reid,West Ham,1678,1,0,5,71,3.808104887
Carlton Cole,West Ham,859,5,2,8,63,6.600698487
George McCartney,West Ham,1842,0,0,5,62,3.029315961
Ravel Morrison,West Ham,1154,3,2,3,52,4.055459272
Andy Carroll,West Ham,1090,2,5,5,52,4.293577982
Joe Cole,West Ham,749,3,0,3,43,5.166889186
Joey O'Brien,West Ham,1237,0,0,1,39,2.837510105
Matthew Taylor,West Ham,1412,0,0,0,39,2.485835694
Modibo Maiga,West Ham,1004,1,2,2,36,3.227091633
Razvan Rat,West Ham,1134,0,0,0,34,2.698412698
Ricardo Vaz Te,West Ham,258,2,0,1,19,6.627906977
Jack Collison,West Ham,462,0,0,0,16,3.116883117
Antonio Nocerino,West Ham,261,0,1,0,12,4.137931034
Roger Johnson,West Ham,274,0,0,0,9,2.95620438
Pablo Armero,West Ham,323,0,0,0,5,1.393188854
Alou Diarra,West Ham,114,0,0,0,3,2.368421053
Mladen Petric,West Ham,68,0,0,0,3,3.970588235
Marco Borriello,West Ham,90,0,0,0,2,2
Elliot Lee,West Ham,3,0,0,0,1,30
Abdul Razak,West Ham,0,0,0,0,0,n/a
Stephen Henderson,West Ham,0,0,0,0,0,n/a
Daniel Potts,West Ham,0,0,0,0,0,n/a
Jordan Spence,West Ham,0,0,0,0,0,n/a
Robert Hall,West Ham,0,0,0,0,0,n/a
Leo Chambers,West Ham,0,0,0,0,0,n/a